<keymap version="1" name="Mac OS X 10.5+ copy" parent="Mac OS X 10.5+">
  <action id="ActivateCommitToolWindow" />
  <action id="ActivateFileTransferToolWindow">
    <keyboard-shortcut first-keystroke="shift meta 0" />
  </action>
  <action id="ActivateTerminalToolWindow">
    <keyboard-shortcut first-keystroke="meta 0" />
  </action>
  <action id="Annotate">
    <keyboard-shortcut first-keystroke="shift ctrl a" />
  </action>
  <action id="CloseAllEditorsButActive">
    <keyboard-shortcut first-keystroke="shift meta w" />
  </action>
  <action id="MoveEditorToOppositeTabGroup">
    <keyboard-shortcut first-keystroke="ctrl meta period" />
  </action>
  <action id="SplitHorizontally">
    <keyboard-shortcut first-keystroke="shift ctrl h" />
  </action>
  <action id="SplitVertically">
    <keyboard-shortcut first-keystroke="shift ctrl v" />
  </action>
  <action id="SwitchApply">
    <keyboard-shortcut first-keystroke="ctrl alt enter" />
  </action>
  <action id="SwitchDown">
    <keyboard-shortcut first-keystroke="ctrl alt down" />
  </action>
  <action id="SwitchLeft">
    <keyboard-shortcut first-keystroke="ctrl alt left" />
  </action>
  <action id="SwitchRight">
    <keyboard-shortcut first-keystroke="ctrl alt right" />
  </action>
  <action id="SwitchUp">
    <keyboard-shortcut first-keystroke="ctrl alt up" />
  </action>
</keymap>