<application>
  <component name="FileTypeManager" version="18">
    <extensionMap>
      <mapping ext="scala" type="JavaFX" />
      <removed_mapping ext="env" approved="true" type=".env file" />
      <removed_mapping ext="graphqlconfig" approved="true" type="JSON" />
      <removed_mapping ext="ignore" approved="true" type="IgnoreLang file" />
      <removed_mapping ext="scala" approved="true" type="C++" />
      <removed_mapping pattern=".env" approved="true" type=".env file" />
      <removed_mapping pattern=".env.*" approved="true" type=".env file" />
      <mapping ext="scala" type="JavaFX" />
    </extensionMap>
  </component>
</application>