<application>
  <component name="FindSettings">
    <option name="customScope" value="All Places" />
    <option name="defaultScopeName" value="All Places" />
    <option name="showResultsInSeparateView" value="true" />
    <option name="SHOW_RESULTS_IN_SEPARATE_VIEW" value="true" />
    <option name="SEARCH_SCOPE" value="All Places" />
    <mask>*.scss</mask>
    <mask>*controller.rb</mask>
    <mask>*_controller.rb</mask>
    <mask>*test.jsx</mask>
    <mask>*-runscripts.json</mask>
    <mask>*.css</mask>
    <mask>*.html</mask>
    <mask>*.xml</mask>
    <mask>*.ru</mask>
    <mask>*.gemspec</mask>
    <mask>*.thor</mask>
    <mask>*.jbuilder</mask>
    <mask>*.rake</mask>
    <mask>*.rbw</mask>
    <mask>*.rb</mask>
    <mask>*-test.jsx</mask>
    <mask>*.jsx</mask>
    <mask>*s.rb</mask>
    <mask>*.js</mask>
    <mask>*spec.rb</mask>
  </component>
</application>